date,change_categorical,daily_change_pred,daily_change,tweets_count,neg_sentiment,neu_sentiment,pos_sentiment,compound_sentiment
2015-11-20,Decrease,-1.0272252979229957,-0.8070372048210372,2,0.051,0.833,0.116,0.4215
2015-11-24,Increase,5.218785334014542,0.2296263847767488,2,0.058,0.685,0.257,0.7424
2015-12-17,Decrease,-1.255414396996235,-0.4775894874355369,1,0.0,1.0,0.0,0.0
2016-01-20,Increase,0.6391489481793355,-2.940598276901707,1,0.0,1.0,0.0,0.0
2016-02-10,Increase,4.733071085612228,-3.089377328822851,2,0.0,0.837,0.163,0.6682
2016-02-11,Increase,0.3788141189432936,4.733071085612228,1,0.0,0.877,0.123,0.2732
2016-02-19,Increase,6.699478679443383,-0.11392396521733295,1,0.0,0.784,0.216,0.5267
2016-02-23,Increase,1.0100950305395262,-0.2981855291969482,1,0.0,1.0,0.0,0.0
2016-03-04,Increase,2.114003358163141,2.7076770346311285,1,0.0,1.0,0.0,0.0
2016-03-30,Increase,1.2693380813193489,-1.4079055550398456,1,0.0,0.792,0.208,0.4933
2016-04-01,Increase,3.956389561515339,3.403410017710451,4,0.0,0.783,0.217,0.9412
2016-04-04,Increase,3.433343457363125,3.956389561515339,2,0.0,0.803,0.197,0.4019
2016-04-07,Decrease,-2.7721592648016213,-3.096980292407425,1,0.095,0.905,0.0,-0.2732
2016-04-08,Decrease,-0.05998076405303587,-2.7721592648016213,1,0.0,0.84,0.16,0.2732
2016-04-20,Decrease,-0.6720777266131517,1.0510580669198075,1,0.13,0.87,0.0,-0.4576
2016-04-27,Decrease,-1.4952060296095304,-0.8946212078160598,1,0.286,0.714,0.0,-0.4939
2016-05-05,Increase,1.6073377513826648,-4.9559696942740326,1,0.0,0.802,0.198,0.5719
2016-05-12,Increase,0.1592002975493223,-0.8039781217179742,1,0.0,1.0,0.0,0.0
2016-05-18,Increase,1.9131473103196628,3.1808902041532194,4,0.13,0.687,0.183,0.7184
2016-05-25,Increase,2.5229936356854665,0.7663705845899704,1,0.0,0.606,0.394,0.8313
2016-06-01,Decrease,-0.2732713957551369,-1.6440468601288782,1,0.0,0.674,0.326,0.4404
2016-06-03,Increase,0.7717275871730767,0.013702317372854544,1,0.131,0.689,0.18,0.335
2016-06-08,Decrease,-2.6154858211807186,1.368687284541803,1,0.0,0.884,0.116,0.3612
2016-06-29,Increase,0.9943458303890652,4.162734573908589,1,0.0,0.698,0.302,0.3818
2016-07-05,Increase,0.21497114419966049,-1.1639672323666028,1,0.09,0.779,0.131,0.25
2016-07-06,Increase,0.6994945757438975,0.21497114419966049,2,0.094,0.906,0.0,-0.4019
2016-07-08,Increase,3.6903827059310497,0.38899525017721537,1,0.252,0.748,0.0,-0.6597
2016-07-12,Decrease,-0.9436897028645476,-0.05783649751132103,1,0.0,0.814,0.186,0.4926
2016-07-15,Increase,2.654260708585188,-0.5100842460389332,1,0.0,0.796,0.204,0.5574
2016-07-18,Decrease,-0.4375731747453426,2.654260708585188,1,0.083,0.682,0.234,0.6096
2016-07-19,Increase,1.3761936699832944,-0.4375731747453426,1,0.0,1.0,0.0,0.0
2016-07-20,Decrease,-3.4419390007601525,1.3761936699832944,1,0.0,1.0,0.0,0.0
2016-07-21,Increase,0.8027213238124498,-3.4419390007601525,2,0.0,0.753,0.247,0.8479
2016-07-26,Decrease,-0.4444219506231861,-0.21737854117056526,1,0.0,1.0,0.0,0.0
2016-07-29,Decrease,-2.035864555582656,1.8125807755210888,2,0.082,0.689,0.23,0.5423
2016-08-23,Decrease,-0.98736937134265,0.8567711434817715,1,0.0,1.0,0.0,0.0
2016-08-31,Decrease,-5.301639252822432,0.3170220164556925,1,0.0,1.0,0.0,0.0
2016-09-13,Increase,0.18363277880613094,-1.1346464061290584,2,0.209,0.644,0.147,-0.4767
2016-09-16,Increase,0.457642933208624,2.484787462242255,1,0.192,0.808,0.0,-0.2263
2016-09-21,Increase,0.5896125801366114,0.2834179790717428,3,0.07,0.887,0.043,-0.3595
2016-09-22,Increase,0.4941200015485814,0.5896125801366114,3,0.033,0.889,0.077,0.3274
2016-09-23,Increase,0.7423442872175556,0.4941200015485814,1,0.0,0.633,0.367,0.4404
2016-09-26,Decrease,-1.5216076888992958,0.7423442872175556,1,0.0,1.0,0.0,0.0
2016-10-04,Decrease,-1.3953931500915728,-1.0715960812332392,1,0.0,0.588,0.412,0.4215
2016-10-07,Increase,2.207415852462935,-2.184084950459708,1,0.0,1.0,0.0,0.0
2016-10-10,Decrease,-0.4229862521874739,2.207415852462935,3,0.14,0.809,0.051,-0.7003
2016-10-19,Decrease,-2.191005271819191,2.240085666873659,2,0.0,1.0,0.0,0.0
2016-10-20,Increase,0.4972422478396021,-2.191005271819191,7,0.019,0.926,0.054,0.6133
2016-11-04,Increase,1.390634934107582,1.675377047865667,2,0.0,0.758,0.242,0.6597
2016-11-16,Increase,2.5716282378029254,0.08705903916836899,1,0.0,0.728,0.272,0.5165
2016-11-17,Decrease,-1.929388466555737,2.5716282378029254,1,0.0,0.704,0.296,0.7088
2016-11-18,Decrease,-0.2702472285355473,-1.929388466555737,1,0.0,1.0,0.0,0.0
2016-12-22,Increase,2.3458879181698533,0.3610922192482935,2,0.0,0.771,0.229,0.8176
2017-01-10,Decrease,-0.060903724984662226,-0.6096538658735051,1,0.092,0.816,0.092,0.0
2017-01-11,Decrease,-0.060940840226397786,-0.060903724984662226,1,0.0,0.693,0.307,0.7269
2017-01-12,Increase,3.5541617568576096,-0.060940840226397786,1,0.124,0.706,0.171,0.2023
2017-01-19,Increase,0.39793290226544104,2.265476582286729,1,0.122,0.769,0.109,-0.0772
2017-01-25,Decrease,-0.7702324398868865,-0.0549858164311301,1,0.0,0.848,0.152,0.3612
2017-02-07,Increase,1.7865504360315532,-0.11250818745869308,3,0.0,0.826,0.174,0.8126
2017-02-08,Increase,2.7167272901938317,1.7865504360315532,1,0.0,1.0,0.0,0.0
2017-02-10,Increase,4.223151640129942,0.011145094319875426,1,0.0,0.881,0.119,0.3182
2017-02-15,Decrease,-3.8640240952076184,-0.43419368800505787,2,0.113,0.606,0.282,0.8439
2017-02-23,Increase,0.3945459919564964,-6.405611904935082,1,0.0,0.448,0.552,0.5719
2017-03-10,Increase,1.0176909348458274,-0.4940804044420322,2,0.029,0.899,0.072,0.4588
2017-03-24,Increase,2.6827761620269235,3.289109517203803,5,0.038,0.868,0.094,0.7405
2017-03-28,Decrease,-0.025229660373715657,2.6756032020192944,2,0.149,0.681,0.17,0.0956
2017-03-31,Increase,7.265538500445645,0.136730379468486,1,0.0,0.679,0.321,0.8172
2017-04-03,Increase,1.7352323758573318,7.265538500445645,1,0.0,1.0,0.0,0.0
2017-04-07,Increase,3.2557698809763775,1.285566990494491,1,0.0,1.0,0.0,0.0
2017-04-12,Increase,2.4120725067491966,-3.8450334084117688,1,0.0,0.803,0.197,0.4019
2017-04-13,Decrease,-0.8421069803000392,2.4120725067491966,1,0.087,0.718,0.195,0.4767
2017-05-10,Decrease,-0.6518602485007574,1.2326461906816633,3,0.0,0.884,0.116,0.6597
2017-05-22,Decrease,-2.0911879202113126,-0.15442632760864772,4,0.03,0.932,0.038,0.128
2017-05-24,Increase,2.130749852039382,2.093068144120136,1,0.0,0.909,0.091,0.3182
2017-06-01,Decrease,-0.15276945776424578,-0.18768654132678145,1,0.0,0.939,0.061,0.0258
2017-06-05,Increase,1.592195752013903,2.1980221269274347,2,0.175,0.825,0.0,-0.5267
2017-06-06,Increase,1.9271653907224184,1.592195752013903,2,0.0,1.0,0.0,0.0
2017-06-08,Decrease,-3.427031233504008,2.8777974225523195,2,0.0,0.926,0.074,0.34
2017-06-09,Increase,0.4729725185276923,-3.427031233504008,7,0.217,0.692,0.091,-0.9733
2017-06-20,Increase,1.1175595774892688,0.6598147220702177,1,0.0,0.916,0.084,0.2732
2017-06-23,Decrease,-1.5543112593902508,0.21954373985282327,1,0.0,1.0,0.0,0.0
2017-06-29,Increase,0.2383881727997084,-2.8256647205449625,1,0.146,0.445,0.409,0.6925
2017-06-30,Decrease,-2.4860990513207115,0.2383881727997084,1,0.0,1.0,0.0,0.0
2017-07-03,Decrease,-7.2400922485552845,-2.4860990513207115,3,0.062,0.82,0.118,0.4371
2017-07-06,Increase,1.4214975605230995,-5.582562090149501,1,0.114,0.652,0.234,0.4939
2017-07-11,Increase,0.7028896197613488,3.5342527954833387,2,0.076,0.924,0.0,-0.3404
2017-07-14,Decrease,-2.504726183920125,1.3512268637917881,1,0.0,0.823,0.177,0.6486
2017-07-17,Increase,2.7130223736997032,-2.504726183920125,2,0.157,0.805,0.038,-0.5979
2017-07-21,Increase,4.299630761932338,-0.4607190366594627,1,0.0,0.796,0.204,0.6249
2017-07-25,Increase,1.2514701075326815,-0.8525044559746121,1,0.0,0.834,0.166,0.6361
2017-07-26,Decrease,-2.7308396738741525,1.2514701075326815,2,0.228,0.543,0.228,0.25
2017-07-28,Decrease,-3.4619627196365466,0.18238601187909875,3,0.056,0.872,0.072,0.1531
2017-08-02,Increase,6.505259094246751,1.9776573364133965,2,0.038,0.68,0.281,0.8481
2017-08-10,Increase,0.6949854442576564,-2.236403353256622,1,0.0,1.0,0.0,0.0
2017-08-14,Decrease,-0.404066395863012,1.6570328333447293,1,0.0,0.797,0.203,0.6239
2017-08-25,Decrease,-0.686678382388628,-1.3827075412393253,1,0.0,1.0,0.0,0.0
2017-08-30,Increase,0.7701437029846048,1.6754972691134018,1,0.074,0.762,0.164,0.3023
2017-08-31,Decrease,-0.1404867570839574,0.7701437029846048,1,0.0,1.0,0.0,0.0
2017-09-13,Increase,3.1155252330607786,0.9593371691676956,1,0.0,0.913,0.087,0.2263
2017-10-05,Increase,0.4362107763772327,0.09014251952479402,1,0.052,0.886,0.063,0.1505
2017-10-06,Decrease,-3.906077723067813,0.4362107763772327,7,0.113,0.721,0.166,0.8923
2017-10-12,Decrease,-0.030931136607725836,0.3045733552533125,2,0.0,0.812,0.188,0.8805
2017-10-26,Decrease,-1.6249157490727528,0.1012796047625164,1,0.132,0.768,0.101,-0.34
2017-11-15,Increase,0.3854829504288393,0.8422361984608884,2,0.237,0.7,0.064,-0.8126
2017-11-17,Decrease,-2.00285233537153,0.8159973144531207,1,0.0,1.0,0.0,0.0
2017-11-30,Decrease,-0.7511748396724859,0.4259625415678148,1,0.0,1.0,0.0,0.0
2017-12-21,Decrease,-1.9477775472299677,0.8146439482408008,1,0.0,0.59,0.41,0.8779
2017-12-26,Decrease,-1.7807070264657887,-2.4323504153644597,3,0.081,0.683,0.236,0.9371
2017-12-27,Increase,1.1936842057588717,-1.7807070264657887,1,0.0,1.0,0.0,0.0
2018-01-09,Increase,0.33264425892567395,-0.8085353244766336,2,0.0,0.777,0.223,0.3182
2018-01-12,Increase,1.1421059188277958,-0.5118997791663249,1,0.0,0.71,0.29,0.8705
2018-01-31,Decrease,-1.4281293846785892,2.4550315350653884,1,0.0,0.5,0.5,0.6124
2018-02-02,Decrease,-3.0894553444602235,-1.5748009994998593,1,0.0,1.0,0.0,0.0
2018-02-05,Increase,0.25215271660199434,-3.0894553444602235,1,0.0,1.0,0.0,0.0
2018-02-06,Increase,3.3026938408692086,0.25215271660199434,3,0.0,0.902,0.098,0.6486
2018-02-16,Decrease,-0.2146072808425159,0.4250554813647112,1,0.159,0.841,0.0,-0.5994
2018-02-21,Increase,3.8613821724430735,-0.4391055169360669,1,0.0,0.817,0.183,0.5859
2018-02-22,Increase,1.6985909852722525,3.8613821724430735,1,0.0,0.802,0.198,0.8555
2018-02-27,Decrease,-2.2593216035836083,-1.7990082982631717,1,0.067,0.84,0.094,0.2732
2018-03-05,Decrease,-1.544920965329566,-0.5281748258673669,1,0.0,1.0,0.0,0.0
2018-03-07,Decrease,-0.9629843491796964,1.2492378160404716,2,0.0,0.875,0.125,0.5719
2018-03-08,Decrease,-0.5864503018896516,-0.9629843491796964,2,0.0,0.937,0.063,0.4497
2018-03-09,Increase,5.605647482412834,-0.5864503018896516,2,0.064,0.841,0.095,0.1154
2018-03-20,Increase,1.9256144481642143,-0.9599457406897716,1,0.0,1.0,0.0,0.0
2018-03-22,Decrease,-2.4458121078319017,-2.3473289526521057,3,0.062,0.78,0.158,0.8807
2018-03-23,Increase,0.8755055542975176,-2.4458121078319017,1,0.03,0.802,0.168,0.7635
2018-03-26,Decrease,-8.218818003144259,0.8755055542975176,1,0.0,1.0,0.0,0.0
2018-04-02,Increase,5.960872609005685,-5.129078397236642,8,0.07,0.789,0.141,0.9318
2018-04-04,Increase,6.544923131736934,7.255260964830513,1,0.0,0.906,0.094,0.4404
2018-04-05,Decrease,-2.0999613626524694,6.544923131736934,1,0.0,0.84,0.16,0.2263
2018-04-13,Decrease,-3.0398884422701555,2.1286705336827305,3,0.228,0.661,0.111,-0.7762
2018-04-18,Increase,2.2941890461813053,1.9673954689181092,1,0.0,1.0,0.0,0.0
2018-05-01,Increase,0.41010665812963865,2.0483198458234098,1,0.0,0.0,1.0,0.296
2018-05-02,Decrease,-5.5454095599747015,0.41010665812963865,1,0.0,1.0,0.0,0.0
2018-05-04,Increase,2.9514775028332214,3.3889988126092563,4,0.034,0.877,0.089,0.6044
2018-05-09,Decrease,-0.5963782317469968,1.616051111914696,1,0.0,1.0,0.0,0.0
2018-05-10,Decrease,-1.2982751883414467,-0.5963782317469968,3,0.0,0.647,0.353,0.9459
2018-05-11,Decrease,-3.019332922163065,-1.2982751883414467,5,0.06,0.832,0.108,0.8225
2018-05-14,Decrease,-2.6680865243930207,-3.019332922163065,3,0.259,0.646,0.095,-0.9607
2018-05-21,Decrease,-3.3322787235185114,2.7707543542699438,8,0.105,0.782,0.113,-0.0469
2018-05-22,Increase,1.4763104812141936,-3.3322787235185114,13,0.099,0.656,0.245,0.9978
2018-05-23,Decrease,-0.4371653793014407,1.4763104812141936,6,0.123,0.712,0.164,0.9116
2018-05-24,Increase,0.3599077992402444,-0.4371653793014407,10,0.071,0.742,0.187,0.9816
2018-05-25,Increase,1.760800494070658,0.3599077992402444,5,0.064,0.808,0.128,0.8271
2018-05-29,Increase,2.805192591399619,1.760800494070658,4,0.069,0.776,0.156,0.8298
2018-05-30,Decrease,-2.396137704133438,2.805192591399619,3,0.055,0.669,0.276,0.9866
2018-06-01,Increase,1.6859728367194071,2.490077071006991,3,0.0,0.894,0.106,0.7703
2018-06-06,Decrease,-1.0672973473467406,9.744786893941182,1,0.0,1.0,0.0,0.0
2018-06-07,Increase,0.4966987221204366,-1.0672973473467406,1,0.075,0.848,0.078,0.024
2018-06-08,Increase,4.5457353862759176,0.4966987221204366,3,0.0,0.805,0.195,0.8625
2018-06-12,Increase,0.5863996590065534,3.2128918162852798,1,0.207,0.793,0.0,-0.5719
2018-06-13,Increase,3.7531141429583137,0.5863996590065534,1,0.0,1.0,0.0,0.0
2018-06-15,Increase,3.5346310212188263,0.1258022600044928,2,0.036,0.811,0.152,0.7906
2018-06-18,Decrease,-4.929480101297323,3.5346310212188263,1,0.059,0.941,0.0,-0.296
2018-06-19,Increase,2.7428705847626134,-4.929480101297323,6,0.048,0.71,0.242,0.9832
2018-06-20,Decrease,-4.061069699158959,2.7428705847626134,2,0.195,0.646,0.16,-0.7539
2018-06-22,Decrease,-0.18583543622104906,-3.994131133554912,3,0.0,0.694,0.306,0.9786
2018-06-25,Increase,2.6996249680829365,-0.18583543622104906,4,0.048,0.82,0.133,0.8553
2018-06-26,Increase,0.7309941357396488,2.6996249680829365,6,0.096,0.748,0.155,0.9043
2018-06-27,Increase,1.5761952265680892,0.7309941357396488,2,0.038,0.804,0.159,0.7245
2018-07-02,Decrease,-7.2253544906513385,-2.2977059091271124,2,0.329,0.268,0.403,0.2732
2018-07-05,Decrease,-0.0841020062573028,-0.5468702112655821,12,0.053,0.858,0.089,0.9387
2018-07-06,Increase,3.1110406652417266,-0.0841020062573028,1,0.0,1.0,0.0,0.0
2018-07-10,Decrease,-1.0884786850385408,1.2432947721664256,2,0.0,0.885,0.115,0.296
2018-07-11,Decrease,-0.7054188052281085,-1.0884786850385408,1,0.069,0.802,0.129,0.0891
2018-07-12,Increase,0.6820106927395653,-0.7054188052281085,1,0.05,0.692,0.257,0.8166
2018-07-13,Decrease,-2.7503337576073044,0.6820106927395653,2,0.044,0.747,0.208,0.7964
2018-07-23,Decrease,-1.9030332127778269,-3.3101604482993148,2,0.0,0.683,0.317,0.9457
2018-07-25,Decrease,-0.6769438040762465,3.802577136261887,1,0.0,0.0,1.0,0.4019
2018-07-26,Decrease,-3.088212865699025,-0.6769438040762465,1,0.222,0.542,0.236,0.2023
2018-07-27,Decrease,-2.3588404465472945,-3.088212865699025,1,0.0,0.256,0.744,0.4404
2018-07-30,Increase,2.7466622056474987,-2.3588404465472945,1,0.0,0.732,0.268,0.8462
2018-07-31,Increase,0.9056163722604094,2.7466622056474987,5,0.041,0.851,0.107,0.8718
2018-08-01,Increase,16.188003560587052,0.9056163722604094,5,0.0,0.669,0.331,0.9915
2018-08-07,Decrease,-2.43169986532934,10.988623281286467,4,0.0,0.695,0.305,0.964
2018-08-08,Decrease,-4.830700020734957,-2.43169986532934,1,0.0,1.0,0.0,0.0
2018-08-14,Decrease,-2.574503680057028,-2.4606462498316883,1,0.0,0.885,0.115,0.4404
2018-08-16,Decrease,-8.92830256481404,-0.9566308932027812,1,0.0,0.714,0.286,0.802
2018-08-22,Decrease,-0.4788059205844686,-0.08076161222220213,2,0.082,0.567,0.351,0.9166
2018-08-23,Increase,0.849744417653242,-0.4788059205844686,1,0.0,0.654,0.346,0.6486
2018-08-24,Decrease,-1.0996884738883717,0.849744417653242,3,0.142,0.688,0.17,0.5242
2018-08-28,Decrease,-2.1965027742974157,-2.320917157074976,1,0.0,0.0,1.0,0.6486
2018-08-31,Decrease,-4.213352426631001,-0.4915064002037006,1,0.039,0.866,0.096,0.4404
2018-09-05,Increase,0.0748019836589231,-2.841325626751645,1,0.086,0.839,0.075,-0.0994
2018-09-06,Decrease,-6.3036125706735655,0.0748019836589231,1,0.0,1.0,0.0,0.0
2018-09-11,Increase,3.972232324125869,-2.1225884732538947,1,0.0,0.931,0.069,0.2144
2018-09-12,Decrease,-0.3717274929716852,3.972232324125869,3,0.0,0.775,0.225,0.8074
2018-09-13,Increase,1.983007424861816,-0.3717274929716852,1,0.0,1.0,0.0,0.0
2018-09-14,Decrease,-0.12195530110457042,1.983007424861816,3,0.0,0.873,0.127,0.6229
2018-09-17,Decrease,-3.350966583424475,-0.12195530110457042,3,0.134,0.73,0.136,0.0387
2018-09-18,Increase,4.934026259911994,-3.350966583424475,2,0.0,1.0,0.0,0.0
2018-09-19,Decrease,-0.23075460890487065,4.934026259911994,1,0.0,1.0,0.0,0.0
2018-09-20,Increase,0.2581023156706941,-0.23075460890487065,9,0.018,0.695,0.287,0.995
2018-09-24,Increase,0.43713466697106185,0.19391696713837447,1,0.088,0.912,0.0,-0.3612
2018-09-25,Increase,2.853912840145889,0.43713466697106185,2,0.0,1.0,0.0,0.0
2018-09-26,Decrease,-0.6654156378681941,2.853912840145889,2,0.159,0.531,0.309,0.5255
2018-09-28,Increase,17.347133498487533,-13.901539455823874,2,0.125,0.644,0.231,0.7163
2018-10-02,Decrease,-2.066307074012952,-3.115546898922428,1,0.039,0.754,0.207,0.784
2018-10-04,Decrease,-7.053900684548853,-4.399589544779026,3,0.134,0.726,0.14,0.0772
2018-10-05,Decrease,-4.348157863082148,-7.053900684548853,1,0.0,0.949,0.051,0.0772
2018-10-08,Increase,4.8850612336867485,-4.348157863082148,1,0.0,0.829,0.171,0.6593
2018-10-09,Decrease,-2.2526672215976933,4.8850612336867485,2,0.082,0.838,0.08,-0.0258
2018-10-11,Increase,2.5968389871958264,-1.8101843567413176,2,0.177,0.669,0.153,0.1852
2018-10-12,Increase,0.31300476689741785,2.5968389871958264,3,0.095,0.554,0.352,0.9246
2018-10-15,Increase,6.5487915055350445,0.31300476689741785,3,0.0,0.839,0.161,0.8622
2018-10-16,Decrease,-1.7390393483831312,6.5487915055350445,3,0.027,0.764,0.209,0.9412
2018-10-17,Decrease,-2.8957199328883854,-1.7390393483831312,2,0.043,0.73,0.227,0.9602
2018-10-18,Decrease,-1.4815684763868853,-2.8957199328883854,3,0.03,0.799,0.171,0.8999
2018-10-19,Increase,0.3653819744403597,-1.4815684763868853,1,0.097,0.793,0.11,0.0772
2018-10-22,Increase,12.718912939162564,0.3653819744403597,2,0.0,0.838,0.162,0.4019
2018-10-23,Decrease,-1.9174515010206283,12.718912939162564,4,0.039,0.86,0.101,0.7995
2018-10-25,Increase,5.094327918577801,9.136913846484807,4,0.063,0.721,0.216,0.9109
2018-10-26,Increase,1.1937154909102743,5.094327918577801,4,0.0,0.831,0.169,0.7088
2018-10-29,Decrease,-1.4782706371871512,1.1937154909102743,1,0.0,0.917,0.083,0.2023
2018-10-31,Increase,2.063331531835333,2.2491564940447795,2,0.039,0.685,0.277,0.8791
2018-11-01,Increase,0.6186749966260674,2.063331531835333,6,0.018,0.827,0.155,0.9409
2018-11-02,Decrease,-1.4462615613158536,0.6186749966260674,6,0.048,0.87,0.082,0.8661
2018-11-08,Decrease,-0.25327462564075365,0.930599379454322,1,0.0,0.534,0.466,0.9042
2018-11-09,Decrease,-5.4862925670809854,-0.25327462564075365,4,0.0,0.658,0.342,0.855
2018-11-14,Increase,1.2906983268782923,1.5558126240764691,1,0.0,0.645,0.355,0.5106
2018-11-15,Increase,1.68464572385858,1.2906983268782923,3,0.039,0.901,0.06,0.4451
2018-11-19,Decrease,-1.6917972407523238,-0.23707949075066906,7,0.038,0.85,0.112,0.8883
2018-11-21,Decrease,-3.65475044239163,-2.6763368455904435,2,0.0,0.791,0.209,0.4404
2018-11-23,Increase,6.19033937845126,-3.65475044239163,1,0.0,0.915,0.085,0.0772
2018-11-26,Decrease,-0.6011566250820555,6.19033937845126,1,0.0,0.649,0.351,0.8011
2018-11-28,Decrease,-1.9260016472930848,1.148524300394782,1,0.06,0.87,0.07,0.1007
2018-11-29,Increase,2.7288440954263526,-1.9260016472930848,3,0.0,0.784,0.216,0.8976
2018-11-30,Increase,2.2854333487562606,2.7288440954263526,1,0.0,1.0,0.0,0.0
2018-12-03,Increase,0.33753298714565005,2.2854333487562606,2,0.139,0.861,0.0,-0.7003
2018-12-07,Increase,2.0057504452540176,-1.4019690251539263,1,0.059,0.863,0.078,0.1324
2018-12-11,Decrease,-0.04362209865979017,0.4409127777264654,8,0.006,0.847,0.147,0.9877
2018-12-12,Increase,2.7795990488854505,-0.04362209865979017,1,0.0,0.738,0.262,0.4939
2018-12-13,Decrease,-2.9406345281373762,2.7795990488854505,1,0.0,0.796,0.204,0.4767
2018-12-18,Decrease,-1.2046353162674217,-3.269043022477069,1,0.0,0.47,0.53,0.8356
2018-12-19,Decrease,-5.282760403175347,-1.2046353162674217,8,0.058,0.868,0.074,0.296
2018-12-20,Increase,1.3919689724732232,-5.282760403175347,2,0.059,0.784,0.157,0.5562
2018-12-24,Increase,10.393045289828985,-7.62422922731949,2,0.132,0.618,0.25,0.6131
2018-12-26,Decrease,-3.0543722729811207,10.393045289828985,6,0.023,0.872,0.105,0.9175
2018-12-27,Increase,5.611615851199181,-3.0543722729811207,2,0.0,0.532,0.468,0.6588
2018-12-28,Decrease,-0.32049077477873666,5.611615851199181,1,0.0,0.648,0.352,0.5983
2018-12-31,Decrease,-6.81490304157929,-0.32049077477873666,1,0.0,0.711,0.289,0.6908
2019-01-03,Increase,5.769742449506634,-3.147168384902133,3,0.168,0.456,0.376,0.8065
2019-01-07,Increase,0.11643619156622707,5.436114865990581,3,0.04,0.809,0.151,0.6572
2019-01-09,Increase,1.902345419574436,0.9482653791679452,2,0.042,0.868,0.091,0.3818
2019-01-10,Increase,0.6638260736099301,1.902345419574436,1,0.0,0.559,0.441,0.7845
2019-01-16,Increase,0.36410765019605495,0.4703386611136118,3,0.096,0.879,0.025,-0.7645
2019-01-17,Decrease,-12.97111886037302,0.36410765019605495,2,0.0,0.762,0.238,0.8957
2019-01-18,Decrease,-1.1050077272671932,-12.97111886037302,1,0.0,0.141,0.859,0.7263
2019-01-22,Decrease,-3.7903098241917403,-1.1050077272671932,2,0.0,0.816,0.184,0.6369
2019-01-23,Increase,1.363045587149858,-3.7903098241917403,3,0.073,0.834,0.093,0.4633
2019-01-25,Decrease,-0.2221922424259115,1.8970238464060432,2,0.0,1.0,0.0,0.0
2019-01-28,Increase,0.3643963825374907,-0.2221922424259115,3,0.0,0.764,0.236,0.8715
2019-01-31,Increase,1.6904469179688464,-0.5667685974208414,5,0.0,0.64,0.36,0.9943
2019-02-01,Increase,0.2177985479200784,1.6904469179688464,2,0.045,0.674,0.281,0.8905
2019-02-06,Decrease,-3.0609692568254965,-1.285197513721814,2,0.062,0.864,0.074,0.1779
2019-02-07,Decrease,-0.556077948789202,-3.0609692568254965,1,0.0,1.0,0.0,0.0
2019-02-08,Increase,2.302159825960981,-0.556077948789202,1,0.0,1.0,0.0,0.0
2019-02-12,Decrease,-1.1673786064738678,-0.3292438293151068,1,0.0,0.0,1.0,0.2732
2019-02-13,Decrease,-1.4277789362036164,-1.1673786064738678,2,0.099,0.657,0.245,0.6124
2019-02-14,Increase,1.3529949868447133,-1.4277789362036164,6,0.048,0.759,0.193,0.9401
2019-02-20,Decrease,-3.7447161160996334,-1.0077171362710913,3,0.0,1.0,0.0,0.0
2019-02-26,Increase,5.667097537326372,-0.304587167911341,5,0.09,0.73,0.179,0.6808
2019-02-27,Increase,1.6330937401163983,5.667097537326372,1,0.0,1.0,0.0,0.0
2019-03-01,Decrease,-3.1988900251988195,-7.8435685568923565,4,0.0,0.761,0.239,0.891
2019-03-04,Decrease,-3.090832601545801,-3.1988900251988195,1,0.151,0.849,0.0,-0.586
2019-03-05,Decrease,-0.1084789904722272,-3.090832601545801,1,0.286,0.714,0.0,-0.34
2019-03-06,Increase,0.12670086416204376,-0.1084789904722272,1,0.0,0.0,1.0,0.296
2019-03-07,Increase,2.7296690044369853,0.12670086416204376,7,0.044,0.768,0.187,0.9809
2019-03-08,Increase,2.3861459386878665,2.7296690044369853,2,0.0,0.787,0.213,0.4019
2019-03-11,Decrease,-2.5986478620740106,2.3861459386878665,2,0.0,0.696,0.304,0.5859
2019-03-12,Increase,1.976282669386076,-2.5986478620740106,5,0.041,0.903,0.057,0.0644
2019-03-13,Increase,0.3460699812657841,1.976282669386076,1,0.0,1.0,0.0,0.0
2019-03-14,Decrease,-5.011039480655999,0.3460699812657841,4,0.069,0.847,0.085,-0.0516
2019-03-15,Decrease,-2.1566273770704303,-5.011039480655999,4,0.101,0.797,0.101,0.0
2019-03-21,Decrease,-3.463255592508707,0.15350809926020226,3,0.0,0.788,0.212,0.836
2019-03-22,Decrease,-1.5536964119232888,-3.463255592508707,5,0.138,0.655,0.206,0.5848
2019-03-26,Increase,2.636588725865208,2.8223662373069165,3,0.049,0.718,0.234,0.8937
2019-03-27,Increase,1.3790332671779426,2.636588725865208,1,0.0,0.354,0.646,0.807
2019-04-01,Decrease,-1.1411575214888336,3.3302337043891854,5,0.0,0.811,0.189,0.785
2019-04-03,Decrease,-8.234809972359425,2.0742983965207573,3,0.068,0.796,0.135,0.5859
2019-04-04,Increase,2.6813071000835853,-8.234809972359425,4,0.065,0.583,0.353,0.957
2019-04-05,Decrease,-0.6400952619909361,2.6813071000835853,9,0.009,0.865,0.126,0.9694
2019-04-08,Decrease,-0.3257642589671206,-0.6400952619909361,3,0.0,0.914,0.086,0.4404
2019-04-09,Increase,1.3771069281419688,-0.3257642589671206,2,0.063,0.861,0.076,0.09
2019-04-12,Decrease,-0.4930891566127693,-0.2682311255830183,3,0.046,0.819,0.135,0.6124
2019-04-15,Increase,2.6203166207264816,-0.4930891566127693,1,0.0,0.878,0.122,0.3612
2019-04-16,Decrease,-0.779196838501317,2.6203166207264816,3,0.0,0.816,0.184,0.761
2019-04-22,Increase,0.43767753677552707,-3.8461559938391954,1,0.0,1.0,0.0,0.0
2019-04-23,Decrease,-1.9856012882373155,0.43767753677552707,23,0.154,0.781,0.065,-0.9911
2019-04-24,Decrease,-4.26428039397303,-1.9856012882373155,3,0.0,0.797,0.203,0.7506
2019-04-25,Decrease,-5.043817488544966,-4.26428039397303,1,0.0,1.0,0.0,0.0
2019-04-26,Increase,2.6920108097690187,-5.043817488544966,1,0.0,0.451,0.549,0.807
2019-04-29,Decrease,-1.151281257745862,2.6920108097690187,3,0.0,0.684,0.316,0.5719
2019-05-03,Increase,0.12155486418770067,4.477674800572284,1,0.0,1.0,0.0,0.0
2019-05-07,Decrease,-0.8985676665257181,-3.242739130077532,7,0.121,0.692,0.187,0.5106
2019-05-08,Decrease,-1.1681069548660885,-0.8985676665257181,4,0.035,0.788,0.177,0.8423
2019-05-09,Decrease,-1.0166141432447318,-1.1681069548660885,7,0.036,0.882,0.082,0.6476
2019-05-10,Decrease,-5.222943671579284,-1.0166141432447318,3,0.251,0.671,0.079,-0.7088
2019-05-14,Decrease,-0.15497053096803493,2.3347019147088144,1,0.0,1.0,0.0,0.0
2019-05-17,Decrease,-2.68682806024918,-7.5767508797042975,2,0.194,0.713,0.093,-0.7269
2019-05-22,Increase,1.4320503239959148,-6.022034025359512,1,0.0,1.0,0.0,0.0
2019-05-23,Decrease,-2.4860610074477263,1.4320503239959148,1,0.0,0.791,0.209,0.6486
2019-05-24,Decrease,-1.0124266321623665,-2.4860610074477263,2,0.125,0.734,0.141,-0.1511
2019-05-29,Decrease,-0.8637920413351985,0.614728228101491,3,0.265,0.629,0.106,-0.8625
2019-05-30,Decrease,-1.6257557521679122,-0.8637920413351985,3,0.062,0.72,0.218,0.8689
2019-05-31,Decrease,-3.3430620196283067,-1.6257557521679122,3,0.051,0.949,0.0,-0.25
2019-06-03,Increase,8.17456167854358,-3.3430620196283067,1,0.0,1.0,0.0,0.0
2019-06-04,Increase,1.5444203354884278,8.17456167854358,1,0.0,1.0,0.0,0.0
2019-06-05,Increase,4.761172479460041,1.5444203354884278,1,0.0,1.0,0.0,0.0
2019-06-10,Increase,1.982332654752783,4.09779614967416,2,0.0,0.831,0.169,0.7269
2019-06-12,Increase,2.222116693893894,-3.6112322544527897,1,0.157,0.643,0.2,0.1531
2019-06-13,Increase,0.4721603881215009,2.222116693893894,4,0.0,0.758,0.242,0.8074
2019-06-14,Increase,4.704074317372076,0.4721603881215009,2,0.043,0.793,0.164,0.6476
2019-06-17,Decrease,-0.12886872096607993,4.704074317372076,2,0.246,0.754,0.0,-0.2411
2019-06-18,Increase,0.7519743315050453,-0.12886872096607993,1,0.0,1.0,0.0,0.0
2019-06-19,Decrease,-3.0075509712248367,0.7519743315050453,8,0.149,0.808,0.042,-0.9061
2019-06-20,Increase,1.0199477819668346,-3.0075509712248367,1,0.0,0.769,0.231,0.2023
2019-06-21,Increase,0.8023054622246839,1.0199477819668346,3,0.061,0.651,0.288,0.8883
2019-06-24,Decrease,-1.7349332978086385,0.8023054622246839,5,0.0,0.848,0.152,0.7783
2019-06-25,Decrease,-0.2229695429159073,-1.7349332978086385,2,0.0,0.845,0.155,0.296
2019-06-26,Increase,1.6281313002546982,-0.2229695429159073,1,0.0,1.0,0.0,0.0
2019-06-27,Increase,0.2782277578280201,1.6281313002546982,1,0.274,0.726,0.0,-0.7227
2019-06-28,Increase,1.6602451061563441,0.2782277578280201,4,0.0,0.766,0.234,0.8316
2019-07-01,Decrease,-1.153317520622987,1.6602451061563441,1,0.0,0.82,0.18,0.296
2019-07-02,Increase,4.609217773006735,-1.153317520622987,1,0.0,0.549,0.451,0.8118
2019-07-03,Decrease,-0.7662848315439286,4.609217773006735,2,0.08,0.619,0.301,0.9274
2019-07-08,Decrease,-0.12155890182959928,-1.184037218092271,12,0.031,0.9,0.069,0.8042
2019-07-09,Increase,3.8511677805164624,-0.12155890182959928,3,0.0,0.724,0.276,0.8126
2019-07-10,Decrease,-0.1339343200528087,3.8511677805164624,1,0.0,0.764,0.236,0.6997
2019-07-11,Increase,2.71583735640526,-0.1339343200528087,3,0.0,0.598,0.402,0.8774
2019-07-12,Increase,3.4356168647975642,2.71583735640526,1,0.0,0.196,0.804,0.6249
2019-07-16,Increase,0.9826419793075524,-0.4418126628535246,6,0.01,0.939,0.051,0.6467
2019-07-18,Increase,1.8300887442959768,-0.5179312923420776,4,0.227,0.706,0.067,-0.8658
2019-07-19,Decrease,-0.9683166485274786,1.8300887442959768,2,0.0,0.838,0.162,0.4019
2019-07-22,Increase,1.7560989947330132,-0.9683166485274786,1,0.0,1.0,0.0,0.0
2019-07-25,Decrease,-0.3408754265110669,-13.613714821289403,2,0.0,0.769,0.231,0.872
2019-07-26,Increase,3.389750836911487,-0.3408754265110669,2,0.0,0.828,0.172,0.4019
2019-07-29,Increase,2.7526834503425195,3.389750836911487,1,0.0,0.769,0.231,0.2732
2019-07-31,Decrease,-3.2117838324469794,-0.2683089841821418,1,0.0,1.0,0.0,0.0
2019-08-01,Increase,0.2095351118125421,-3.2117838324469794,2,0.039,0.884,0.077,0.5346
2019-08-02,Decrease,-2.568913896240199,0.2095351118125421,1,0.0,0.256,0.744,0.4404
2019-08-07,Increase,2.0906558543805964,1.1570889802285491,1,0.0,1.0,0.0,0.0
2019-08-08,Decrease,-1.3806146625085502,2.0906558543805964,1,0.0,0.756,0.244,0.7503
2019-08-09,Decrease,-2.553084530421001,-1.3806146625085502,6,0.031,0.832,0.136,0.8841
2019-08-15,Increase,1.9940656724465544,-1.8122243834748697,2,0.0,0.822,0.178,0.7402
2019-08-20,Decrease,-2.2270444060242367,-0.4276335566547607,4,0.023,0.666,0.311,0.9701
2019-08-21,Increase,0.5977447284694959,-2.2270444060242367,1,0.0,0.732,0.268,0.6705
2019-08-23,Increase,1.7029357651156871,-4.839076099732654,1,0.0,0.0,1.0,0.296
2019-08-27,Increase,0.7053394176991691,-0.427902576535244,2,0.0,0.68,0.32,0.5093
2019-08-28,Increase,2.838719380702237,0.7053394176991691,1,0.0,1.0,0.0,0.0
2019-08-29,Increase,1.7590605084020658,2.838719380702237,2,0.367,0.378,0.255,-0.046
2019-08-30,Decrease,-0.2659517357370689,1.7590605084020658,3,0.0,1.0,0.0,0.0
2019-09-03,Decrease,-1.9243529967439168,-0.2659517357370689,4,0.076,0.721,0.203,0.6059
2019-09-04,Increase,4.032986032483343,-1.9243529967439168,3,0.197,0.738,0.064,-0.872
2019-09-05,Decrease,-0.9277783002581086,4.032986032483343,3,0.0,0.894,0.106,0.4549
2019-09-10,Increase,4.9078635817405125,1.6178436782244845,3,0.063,0.79,0.147,0.4019
2019-09-11,Decrease,-0.4977709261084984,4.9078635817405125,2,0.0,1.0,0.0,0.0
2019-09-12,Decrease,-0.2724994335049691,-0.4977709261084984,2,0.131,0.51,0.359,0.8553
2019-09-13,Decrease,-0.9747158073926454,-0.2724994335049691,2,0.0,1.0,0.0,0.0
2019-09-16,Increase,0.8154522182108659,-0.9747158073926454,4,0.024,0.619,0.357,0.9817
2019-09-17,Decrease,-0.5310640151983237,0.8154522182108659,12,0.073,0.778,0.149,0.9118
2019-09-18,Increase,1.2772553482174323,-0.5310640151983237,1,0.0,0.0,1.0,0.4019
2019-09-19,Decrease,-2.4249780067077453,1.2772553482174323,4,0.071,0.769,0.16,0.4215
2019-09-23,Decrease,-7.470049770707798,0.2535072559625151,2,0.0,0.827,0.173,0.8122
2019-09-24,Increase,2.4595749058844207,-7.470049770707798,7,0.019,0.791,0.19,0.9686
2019-09-26,Decrease,-0.17728056566221895,6.06033943465254,3,0.0,0.82,0.18,0.7644
2019-09-30,Increase,1.58591759528528,-0.5203793586005423,2,0.0,0.892,0.108,0.4404
2019-10-01,Decrease,-0.6375419437027796,1.58591759528528,1,0.0,1.0,0.0,0.0
2019-10-02,Decrease,-4.154157201051167,-0.6375419437027796,3,0.043,0.592,0.366,0.9405
2019-10-04,Increase,2.7178832459986872,-0.6866062346884361,2,0.242,0.758,0.0,-0.1511
2019-10-09,Increase,0.08588646201284078,1.8662777333308125,8,0.126,0.762,0.112,-0.1779
2019-10-10,Increase,1.2870745065337583,0.08588646201284078,6,0.05,0.781,0.168,0.836
2019-10-14,Increase,0.3619256502176649,3.658879358600253,8,0.0,0.881,0.119,0.9218
2019-10-15,Increase,0.7212409444574686,0.3619256502176649,3,0.054,0.841,0.105,0.6596
2019-10-16,Increase,0.8546684073532651,0.7212409444574686,2,0.0,0.711,0.289,0.9081
2019-10-17,Decrease,-1.9162530025068516,0.8546684073532651,1,0.0,1.0,0.0,0.0
2019-10-21,Increase,0.8205135304751865,-1.3426710155750143,1,0.155,0.634,0.211,0.2003
2019-10-22,Decrease,-0.3521408193121189,0.8205135304751865,2,0.0,1.0,0.0,0.0
2019-10-23,Increase,17.669231691554142,-0.3521408193121189,5,0.0,0.746,0.254,0.9703
2019-10-24,Increase,9.493457268561967,17.669231691554142,3,0.134,0.615,0.251,0.3542
2019-10-25,Decrease,-0.12799749259770898,9.493457268561967,5,0.025,0.836,0.139,0.745
2019-10-28,Decrease,-3.5061492510349286,-0.12799749259770898,7,0.152,0.739,0.109,-0.5859
2019-10-30,Decrease,-0.028566937578278218,-0.38264591395096303,5,0.032,0.827,0.14,0.9064
2019-10-31,Decrease,-0.5112447684490151,-0.028566937578278218,2,0.164,0.8,0.036,-0.6597
2019-11-01,Increase,1.3277596454551066,-0.5112447684490151,2,0.0,0.794,0.206,0.8061
2019-11-05,Increase,2.9506362157895483,-0.0787463972486857,2,0.053,0.692,0.254,0.8713
2019-11-06,Increase,2.7435846729491065,2.9506362157895483,5,0.0,0.946,0.054,0.4019
2019-11-07,Increase,0.4768428304748218,2.7435846729491065,4,0.0,0.9,0.1,0.5859
2019-11-08,Increase,2.358065350874861,0.4768428304748218,3,0.113,0.73,0.157,0.6012
2019-11-13,Increase,0.93612236481031,-1.0916468126461851,2,0.0,0.573,0.427,0.9347
2019-11-14,Increase,0.807206725572529,0.93612236481031,3,0.13,0.87,0.0,-0.0516
2019-11-18,Increase,2.722932369589759,-0.6190149941642686,4,0.061,0.763,0.177,0.8595
2019-11-20,Increase,0.7410186417849518,-2.0304838369284757,1,0.366,0.634,0.0,-0.8689
2019-11-21,Decrease,-6.140971027094532,0.7410186417849518,3,0.0,0.792,0.208,0.7639
2019-11-22,Increase,0.9908659857390978,-6.140971027094532,4,0.0,0.76,0.24,0.7177
2019-11-26,Increase,0.7205500995077996,-2.2061027672718114,1,0.0,0.319,0.681,0.7506
2019-11-27,Decrease,-0.4075043908339016,0.7205500995077996,2,0.0,1.0,0.0,0.0
2019-11-29,Increase,1.4942111846685036,-0.4075043908339016,1,0.0,1.0,0.0,0.0
2019-12-10,Increase,1.106529066071671,2.7420250938843926,2,0.104,0.686,0.21,0.8356
2019-12-12,Decrease,-0.3586460411961423,1.9790134329906284,3,0.0,0.901,0.099,0.3182
2019-12-13,Increase,6.448284769981916,-0.3586460411961423,1,0.0,1.0,0.0,0.0
2019-12-17,Increase,3.736247476722432,-0.6579377597418778,1,0.0,0.484,0.516,0.4926
2019-12-18,Increase,2.7699370213496,3.736247476722432,3,0.089,0.638,0.273,0.8036
2019-12-19,Increase,0.38362236875670863,2.7699370213496,4,0.082,0.769,0.15,0.7408
2019-12-20,Increase,3.360543506210978,0.38362236875670863,2,0.077,0.833,0.09,0.1027
2019-12-24,Increase,1.338036975247037,1.4383870715597435,2,0.0,0.678,0.322,0.8591
2019-12-26,Decrease,-0.12995676487765895,1.338036975247037,9,0.03,0.858,0.112,0.9151
2019-12-30,Increase,0.8753290371766864,-3.6432851070181345,17,0.042,0.79,0.168,0.991
2019-12-31,Increase,2.851817436557736,0.8753290371766864,1,0.0,0.722,0.278,0.6588
2020-01-07,Increase,4.920484712014184,3.8800525477639782,1,0.0,1.0,0.0,0.0
2020-01-08,Decrease,-2.1945011900097344,4.920484712014184,1,0.0,0.455,0.545,0.8011
2020-01-10,Increase,9.76890425281116,-0.6627337258982902,2,0.0,0.0,1.0,0.6249
2020-01-14,Decrease,-3.61020476908076,2.4882821215955757,1,0.0,0.715,0.285,0.4926
2020-01-15,Decrease,-0.96624776360148,-3.61020476908076,1,0.0,0.782,0.218,0.6486
2020-01-16,Decrease,-0.5822894156913949,-0.96624776360148,2,0.097,0.903,0.0,-0.2263
2020-01-17,Increase,7.1890343555153,-0.5822894156913949,1,0.0,0.881,0.119,0.4019
2020-01-21,Increase,4.086257330325438,7.1890343555153,3,0.039,0.619,0.342,0.9216
2020-01-22,Increase,0.4635155787340972,4.086257330325438,3,0.145,0.672,0.183,0.1007
2020-01-24,Decrease,-1.2039239472993346,-1.2897636514425437,1,0.0,1.0,0.0,0.0
2020-01-29,Increase,10.296222583607006,2.485447928842732,1,0.0,0.789,0.211,0.4939
2020-01-30,Increase,1.5230690926841373,10.296222583607006,1,0.397,0.455,0.148,-0.2942
2020-02-03,Increase,13.725642668895222,19.894862891486284,7,0.054,0.82,0.126,0.9029
2020-02-04,Decrease,-17.175839109965338,13.725642668895222,1,0.0,1.0,0.0,0.0
2020-02-05,Increase,1.9409316438660615,-17.175839109965338,2,0.0,0.773,0.227,0.6124
2020-02-07,Increase,3.102649712093797,-0.11883747086235408,5,0.035,0.788,0.177,0.9793
2020-02-10,Increase,0.4019359955035551,3.102649712093797,10,0.051,0.78,0.169,0.9851
2020-02-12,Increase,4.78437804109626,-0.9155805041086928,1,0.0,1.0,0.0,0.0
2020-02-14,Increase,7.2959740335659875,-0.4937850327034421,1,0.0,1.0,0.0,0.0
2020-02-18,Increase,6.8755832700809325,7.2959740335659875,1,0.0,0.177,0.823,0.8519
2020-02-21,Decrease,-7.459490327646511,0.1767787535011056,2,0.0,0.88,0.12,0.7964
2020-02-25,Decrease,-2.6390470576789893,-4.0633739641448905,2,0.0,1.0,0.0,0.0
2020-02-26,Decrease,-12.814581509376032,-2.6390470576789893,4,0.143,0.546,0.311,0.7372
2020-02-27,Decrease,-1.6214991164397283,-12.814581509376032,1,0.0,1.0,0.0,0.0
2020-03-03,Increase,0.5351966203106517,0.2541660955376335,1,0.211,0.662,0.126,-0.1779
2020-03-04,Decrease,-3.3302130346912984,0.5351966203106517,3,0.038,0.684,0.278,0.9451
2020-03-05,Decrease,-2.90667559890071,-3.3302130346912984,1,0.0,1.0,0.0,0.0
2020-03-10,Decrease,-1.7200453178938149,6.139799245279697,5,0.0,0.731,0.269,0.8829
2020-03-11,Decrease,-11.617236635793462,-1.7200453178938149,2,0.21,0.566,0.224,-0.2649
2020-03-19,Decrease,-0.025726281287452583,18.387680604606587,2,0.039,0.844,0.117,0.4224
2020-03-20,Increase,1.581181504218354,-0.025726281287452583,1,0.211,0.508,0.281,0.5187
2020-03-23,Increase,16.281744931685218,1.581181504218354,6,0.047,0.757,0.196,0.9432
2020-03-24,Increase,6.78217670705059,16.281744931685218,11,0.085,0.618,0.296,0.9938
2020-03-25,Decrease,-2.0565551426258155,6.78217670705059,5,0.071,0.786,0.142,0.8655
2020-03-26,Decrease,-2.6128465212773238,-2.0565551426258155,4,0.058,0.711,0.231,0.7644
2020-03-27,Decrease,-2.377711239525171,-2.6128465212773238,4,0.035,0.696,0.269,0.9572
2020-03-30,Increase,4.355446239344318,-2.377711239525171,1,0.0,0.244,0.756,0.4767
2020-03-31,Decrease,-8.099242695255349,4.355446239344318,3,0.0,0.867,0.133,0.7712
2020-04-01,Decrease,-5.625466677799073,-8.099242695255349,2,0.0,0.748,0.252,0.4019
2020-04-02,Increase,5.6197349294398125,-5.625466677799073,7,0.175,0.766,0.06,-0.9246
2020-04-03,Increase,7.547761796824881,5.6197349294398125,8,0.038,0.802,0.16,0.8918
2020-04-06,Increase,5.658216311303653,7.547761796824881,7,0.066,0.811,0.124,0.3907
2020-04-07,Increase,0.6215064869088183,5.658216311303653,3,0.0,0.5,0.5,0.4588
2020-04-08,Increase,4.402012273005385,0.6215064869088183,5,0.115,0.691,0.195,0.6249
2020-04-09,Increase,13.603843084522982,4.402012273005385,9,0.135,0.788,0.078,-0.5765
2020-04-13,Increase,9.054454384906377,13.603843084522982,5,0.031,0.855,0.114,0.7567
2020-04-16,Increase,1.164767209852724,2.107342775914933,12,0.106,0.779,0.115,0.3726
2020-04-17,Decrease,-0.9988172713000676,1.164767209852724,3,0.053,0.91,0.037,0.0129
2020-04-20,Decrease,-7.9907878098968705,-0.9988172713000676,5,0.0,0.763,0.237,0.8877
2020-04-22,Decrease,-3.6169360452659394,6.609683216575624,7,0.0,0.809,0.191,0.9577
2020-04-23,Increase,2.7663162729485657,-3.6169360452659394,8,0.016,0.747,0.237,0.9578
2020-04-24,Increase,10.14962514279798,2.7663162729485657,6,0.105,0.739,0.155,0.6556
2020-04-29,Decrease,-2.327264998768164,4.0812874900431515,2,0.277,0.555,0.169,-0.5475
2020-05-01,Increase,8.536758097120401,-10.30337058259072,3,0.0,0.927,0.073,0.3182
2020-05-04,Increase,0.9222346841307072,8.536758097120401,3,0.09,0.83,0.081,0.1531
2020-05-05,Increase,1.8705876066954288,0.9222346841307072,4,0.162,0.565,0.272,0.5116
2020-05-06,Decrease,-0.32457438425383955,1.8705876066954288,4,0.0,0.747,0.253,0.8588
2020-05-07,Increase,5.0484637338690685,-0.32457438425383955,13,0.085,0.766,0.149,0.9458
2020-05-08,Decrease,-0.9921694939304282,5.0484637338690685,6,0.127,0.751,0.122,-0.0772
2020-05-11,Decrease,-0.2317246801219475,-0.9921694939304282,11,0.065,0.613,0.322,0.9925
2020-05-12,Decrease,-2.279439564094932,-0.2317246801219475,4,0.086,0.893,0.022,-0.6351
2020-05-13,Increase,1.5639216916390142,-2.279439564094932,3,0.0,0.852,0.148,0.6892
2020-05-14,Decrease,-0.5178449270694885,1.5639216916390142,2,0.0,0.687,0.313,0.4926
2020-05-15,Increase,1.8093761637960395,-0.5178449270694885,3,0.155,0.676,0.169,0.3134
2020-05-18,Decrease,-0.6907273172423678,1.8093761637960395,1,0.0,1.0,0.0,0.0
2020-05-22,Increase,0.2436067585628532,-1.2953100151288033,1,0.0,1.0,0.0,0.0
2020-05-26,Increase,0.1660844641893977,0.2436067585628532,1,0.0,0.0,1.0,0.7003
2020-05-29,Increase,7.5568833037050975,3.622440366626756,1,0.083,0.645,0.272,0.6079
2020-06-08,Decrease,-0.9737614260812876,7.255600044898047,2,0.11,0.778,0.112,0.0258
2020-06-10,Decrease,-5.0934108690126605,8.97019761467368,10,0.122,0.742,0.135,0.2313
2020-06-11,Decrease,-3.860857732067424,-5.0934108690126605,2,0.0,0.832,0.168,0.5927
2020-06-15,Decrease,-0.8850529153080933,5.946878439847225,1,0.0,1.0,0.0,0.0
2020-06-16,Increase,0.9835800181061448,-0.8850529153080933,8,0.035,0.816,0.149,0.9091
2020-06-18,Decrease,-0.3048003644624764,1.227077161664325,3,0.0,1.0,0.0,0.0
2020-06-19,Decrease,-0.6574054904811333,-0.3048003644624764,3,0.0,0.847,0.153,0.4019
2020-06-22,Increase,0.7502637010405655,-0.6574054904811333,5,0.0,0.895,0.105,0.6597
2020-06-24,Increase,2.6153931542133524,-4.085729663179649,1,0.0,1.0,0.0,0.0
2020-06-25,Decrease,-2.661312157129714,2.6153931542133524,5,0.043,0.762,0.195,0.9214
2020-06-26,Increase,5.169106826469472,-2.661312157129714,6,0.056,0.594,0.35,0.8563
2020-06-29,Increase,6.98073554213261,5.169106826469472,1,0.0,0.667,0.333,0.3612
2020-07-01,Increase,7.951734128033849,3.687680726581788,4,0.0,0.718,0.282,0.9706
2020-07-02,Increase,13.479396859567272,7.951734128033849,11,0.024,0.705,0.27,0.9924
2020-07-06,Increase,1.332760471462957,13.479396859567272,3,0.145,0.855,0.0,-0.4389
2020-07-07,Decrease,-1.7253501256945911,1.332760471462957,2,0.0,0.756,0.244,0.9042
2020-07-08,Increase,2.079242972436468,-1.7253501256945911,1,0.0,0.477,0.523,0.6588
2020-07-09,Increase,10.784780126583128,2.079242972436468,2,0.0,0.465,0.535,0.3182
2020-07-10,Decrease,-3.08095866272291,10.784780126583128,10,0.093,0.787,0.12,0.437
2020-07-13,Increase,1.3185838290627359,-3.08095866272291,11,0.091,0.686,0.223,0.9676
2020-07-14,Increase,1.9257683215130104,1.3185838290627359,6,0.0,0.706,0.294,0.9095
2020-07-15,Decrease,-2.9346528317257587,1.9257683215130104,4,0.0,0.655,0.345,0.7845
2020-07-21,Increase,1.5283501212834285,-4.5429119768489965,7,0.0,0.893,0.107,0.6962
2020-07-22,Decrease,-4.977608151564271,1.5283501212834285,1,0.0,1.0,0.0,0.0
2020-07-23,Decrease,-6.34934897503604,-4.977608151564271,4,0.0,0.831,0.169,0.6239
2020-07-24,Increase,8.652088941189696,-6.34934897503604,3,0.0,0.745,0.255,0.8011
2020-07-27,Decrease,-4.0991194878295945,8.652088941189696,2,0.0,0.289,0.711,0.8122
2020-07-29,Decrease,-0.7751283084536986,1.5320072444858999,4,0.044,0.724,0.232,0.8085
2020-07-30,Decrease,-3.813799865290912,-0.7751283084536986,3,0.0,0.798,0.202,0.872
2020-08-07,Decrease,-2.350091592020576,-2.4751920972830517,3,0.197,0.586,0.217,0.1531
2020-08-11,Increase,13.123642613988215,-3.1144035436077577,5,0.0,0.803,0.197,0.8221
2020-08-12,Increase,4.260469954928103,13.123642613988215,1,0.512,0.0,0.488,-0.0258
2020-08-14,Increase,11.203055843576125,1.8328148859506843,11,0.051,0.75,0.199,0.9921
2020-08-17,Increase,2.8028395559453134,11.203055843576125,1,0.115,0.885,0.0,-0.5255
2020-08-18,Decrease,-0.4536099546276873,2.8028395559453134,1,0.0,0.668,0.332,0.838
2020-08-19,Increase,6.563643934019402,-0.4536099546276873,3,0.106,0.837,0.057,-0.4939
2020-08-20,Increase,2.4053003869978884,6.563643934019402,3,0.023,0.907,0.07,0.3919
2020-08-24,Increase,0.4537789063413289,-1.7453843015600825,1,0.306,0.694,0.0,-0.296
2020-08-26,Increase,3.974604236477664,6.416618923405237,2,0.106,0.769,0.125,0.1027
2020-08-27,Decrease,-1.132329943990784,3.974604236477664,3,0.129,0.716,0.155,0.4086
2020-08-28,Increase,12.568902044142805,-1.132329943990784,2,0.0,0.766,0.234,0.8658
2020-09-01,Decrease,-5.826753686360362,-4.669694009718938,1,0.245,0.755,0.0,-0.0772
2020-09-02,Decrease,-9.023849511099346,-5.826753686360362,1,0.0,0.241,0.759,0.743
2020-09-03,Increase,2.781328580889131,-9.023849511099346,1,0.0,1.0,0.0,0.0
2020-09-04,Decrease,-21.062826144208536,2.781328580889131,1,0.0,1.0,0.0,0.0
2020-09-09,Increase,1.3814561470615994,10.923354307141175,3,0.035,0.916,0.049,0.261
2020-09-10,Increase,0.3716283988856484,1.3814561470615994,4,0.0,0.762,0.238,0.9677
2020-09-11,Increase,12.583170675810585,0.3716283988856484,1,0.0,0.727,0.273,0.5983
2020-09-15,Decrease,-1.7787263932533492,7.182692674122992,2,0.0,0.776,0.224,0.8055
2020-09-16,Decrease,-4.1493156203905155,-1.7787263932533492,3,0.0,0.917,0.083,0.2263
2020-09-17,Increase,4.4210380805586915,-4.1493156203905155,1,0.428,0.572,0.0,-0.4576
2020-09-21,Decrease,-5.598701093034363,1.6374580689575202,2,0.081,0.604,0.315,0.9264
2020-09-22,Decrease,-10.341094335303747,-5.598701093034363,2,0.0,0.4,0.6,0.4588
2020-09-23,Increase,1.9534187294943492,-10.341094335303747,1,0.0,0.508,0.492,0.4404
2020-09-28,Decrease,-0.505699150304284,3.4025668958968858,4,0.07,0.794,0.136,0.6757
2020-09-29,Increase,2.3719193136425116,-0.505699150304284,2,0.1,0.766,0.134,0.1779
2020-10-01,Decrease,-7.379062623614197,4.463763889086492,2,0.0,0.794,0.206,0.6369
2020-10-02,Increase,2.5512530851912407,-7.379062623614197,4,0.0,0.373,0.627,0.8953
2020-10-05,Decrease,-2.74853925266918,2.5512530851912407,4,0.0,0.796,0.204,0.8687
2020-10-06,Increase,2.734425939955454,-2.74853925266918,2,0.202,0.798,0.0,-0.7643
2020-10-07,Increase,0.14578548143937553,2.734425939955454,13,0.18,0.705,0.115,-0.964
2020-10-08,Increase,1.8970666598263848,0.14578548143937553,2,0.037,0.688,0.275,0.9773
2020-10-09,Increase,1.912439583633363,1.8970666598263848,1,0.098,0.797,0.105,0.0516
2020-10-12,Increase,0.9834967722295752,1.912439583633363,8,0.049,0.788,0.163,0.9794
2020-10-13,Increase,3.279971811637284,0.9834967722295752,4,0.164,0.836,0.0,-0.2411
2020-10-14,Decrease,-2.6923874352518644,3.279971811637284,7,0.0,0.921,0.079,0.63
2020-10-15,Decrease,-2.051771376513545,-2.6923874352518644,1,0.0,1.0,0.0,0.0
2020-10-16,Decrease,-2.0106049049264385,-2.051771376513545,3,0.0,0.808,0.192,0.807
2020-10-21,Increase,0.7453136918672109,0.16590325709362475,1,0.0,1.0,0.0,0.0
2020-10-22,Decrease,-1.2118658396290116,0.7453136918672109,5,0.06,0.807,0.133,0.69
2020-10-23,Decrease,-0.0832099706280176,-1.2118658396290116,1,0.0,1.0,0.0,0.0
2020-10-27,Decrease,-4.393897519056244,1.0469196510098475,1,0.0,0.532,0.468,0.6588
2020-10-28,Increase,1.1846701366300838,-4.393897519056244,1,0.201,0.658,0.141,-0.2893
2020-10-29,Decrease,-5.547301504812374,1.1846701366300838,3,0.0,0.793,0.207,0.5707
2020-11-03,Decrease,-0.6888376862938306,5.840049826606576,1,0.229,0.63,0.141,-0.7425
2020-11-05,Decrease,-1.85806208744862,4.064322510580709,1,0.0,1.0,0.0,0.0
2020-11-06,Decrease,-2.0211657622239643,-1.85806208744862,3,0.0,0.875,0.125,0.872
2020-11-09,Decrease,-2.5874814037361142,-2.0211657622239643,4,0.0,0.826,0.174,0.9041
2020-11-10,Increase,1.6497757512711653,-2.5874814037361142,1,0.0,0.294,0.706,0.802
2020-11-12,Decrease,-0.7917256868826605,-1.2873672606448228,1,0.0,0.294,0.706,0.802
2020-11-13,Decrease,-0.10036809353962672,-0.7917256868826605,2,0.0,0.649,0.351,0.4019
